작성자,시간,내용
haem****,2025.02.15. 00:27,"홍장원 국정원블랙요원출신...당당한 그대를 믿습니다.
20일날 저들을 박살내주세요!"
poem****,2025.02.15. 01:27,"하이고 술을 한 잔하고 안하고, 증언이 어떻든 내란 외환 위법한 행위가 어디 가나?  몇 가지 되지도 않는 걸 매번 되풀이하고 .... 결국 질질 끌고 지겹게 만들어서 흐지브지 하려는 작전이지?  안 넘어간다고."
asds****,2025.02.15. 00:22,술 취한 사람은  본인은 술 안취했다고 말한다ㅋㅋ
noyi****,2025.02.15. 01:06,성열이가 취해서 기억이 가물가물한듯.....지가 취했으니
choi****,2025.02.15. 00:41,술 먹은건 맞구나~~~
eun5****,2025.02.15. 03:07,조태용이나 왜 니마누라하고 통화 했는지 물어봐라 불리한건 기억안나고 다른건 기억이 확실해
pago****,2025.02.15. 00:41,"술주량은 석열이가   말술이라고  전국민이  다 알고있다,,,비상계엄때도  술 먹고 TV에 나온것같던데,,,,,대통자격이 없다,,,불리하면,   부하 탓으로,,,돌리는 모습,,,토할것같다"
thef****,2025.02.15. 07:39,"윤씨에게 불리한 증언은 여러군데에서 나왔지만 유독 홍장원과 곽종근에게만 득달같이 달려드는 이유는 둘이 공통적으로 ‘대통령으로부터의 직접 지시’ 를 받았다는 것이다. 윤씨는 어떻게든 김용현/여인형 선에서 끊어보려고 거짓말을 하고 있지만 둘의 증언으로 자신이 직접 지시했다는게 유력하게 밝혀지니깐 어떻게든 홍장원,곽종근을 죽이려고 안달이 난거지. 속이 뻔히 보이는데 공작이니뭐니 내란 프레임이니 뭐니 말같지도 않은 주장으로 자기 부하들 탓하고 꼬리자르려는 모습이 진짜 추악하다."
jopo****,2025.02.15. 05:18,술한잔하고 들은전화 메모 기억이라 믿을게못된다??....매일 술쳐먹는 대통령의 계엄은 술기운에 실수인가...심신미약까지 노린 전략인건가ㅋㅋㅋ 진짜 이게 법정도 변호사도 대통령도 수준이 이렇게나 ...그만좀 하자 빨리 끝내든 그냥 불쌍하니 살려주든 쳐 듣고싶지도않다이제 말도안되는 변명들
jarl****,2025.02.15. 00:33,홍장원은 팩트 조태용은 내란범
pecv****,2025.02.15. 01:20,"ㅋ.  어이상실,,    누가누구한테ㅋ.  술에 괸해서는 자기가 최고 권위자란 얘기냐,,   평온한. 오후에 술마실수도 있는거지,,  평 온한 오후에 계엄선포 하ㅡ는것보단 낫잖냐,,   수괴,,   수괴도 못되는  모지리"
kkki****,2025.02.15. 06:47,"조태용에 선택적진술과 선태적 거짓말 정말 추하다 계엄전날 건희랑 주고받은 메세지까라~~~
이번 계엄이 사실과 달리 건희가 실제주체라고 한다 
반드시 밝혀야한다"
star****,2025.02.15. 01:31,홍장원 요구하잔아 cctv동선 다 오픈하라고 거짓인지 아닌지  원장 말 맞으면 오픈하면 되겟네ㅋ
hk11****,2025.02.15. 07:27,"이번 재판을 보며 저 사람은 진짜 대통령해서는 안됨을 느낀다 자기 때문에 밑에 부하들 감옥가게 줄줄이 감옥가게 생겼는데 자기는 지 살궁리에 부하들한테 덮어씌우기에 급급하다 이러한 사람에게 과연 국민의 안전과 자유를 보장할 수 있겠는가 특히 군인들이 국가를 위해 일할수있겠나 싶다 
저런 사람이 대통이면 군인들 사기가 지하로 떨어지고 국가에대해 불신 생길것 같다"
capt****,2025.02.15. 01:58,솨파이프와 사제폭탄 들고 미대사관 담넘은  놈이 저기 헌재 뒤에 앉아 거들먹거리는거 봐라~~~?
iron****,2025.02.16. 05:06,술주정뱅이가 술얘기하는데 실소가 터지더라 ㅋ 홍장윈씨 철두철미한사람이다 비교언급할사람이 아니다 윤씨야 니들 상대가안돼 ! 까불지들마라
muri****,2025.02.15. 02:29,태용아~ 넌 왜 계엄전날이랑 다음날 건희랑 문자 나눴냐?
ghdt****,2025.02.15. 02:59,우린지금 대통령의 치사빤스까지 보고있는 상황입니다.
binb****,2025.02.15. 07:19,"윤수괴 말인즉, 전화했더니 홍차장이 고주망태됐는데, 그 바쁜 계엄상황에서 홍차장에게 2시간 후 다시 전화해 감사인사를 했단 소리네ㅋㅋㅋ 윤수괴가 고주망태였던 듯 ㅋㅋㅋ 시바스리갈 완샷 때린 김에 계엄한 듯ㅋ"
jaja****,2025.02.15. 04:42,방첩사.경찰. 국정원서  크로스 체크 제출한 명단이 대부분 일치한다면 어떻게 명단을 조작한단 말인가 ?  5천만 국민들의 이름중에서 대부분 일치하는 명단을 혼자 만들어 술이 취해서 조작했다는 주장인데 국힘변호인들이.  홍장원이 주술사도  아닌데  ~ .  노상원이면 맞출수 있겠다
ssbo****,2025.02.15. 07:04,윤 자신이 술에 절여 살면서 그 흔한 국무회의 정시 출근이 거의 없으셨다지요. 혀꼬인 사람이 자기자신임을 스스로 인정하는꼴. 그만큼 그자리에서 자기도 많이  마셨다는것을 실토하는셈.
kyjy****,2025.02.15. 01:49,홍차장님 거짓없이 진실한 답변 멋지시네요~~~
heli****,2025.02.15. 07:35,영부인과 문자 주고 받은 내용도 기억 못하는 애가 누굴 술취했다고 몰아가냐 ㅋㅋㅋ
kang****,2025.02.15. 07:57,"국정원 블랙요원이면 국가를 위해 목숨걸고 일하는 사람인데, 어찌 이런대우를 받을 수가 있지. 저 사람은 보수에서도 완전히 오른쪽에 가 있는 사람인데, 극우 개돼지들 진짜 정신이 나갔나?"
with****,2025.02.15. 02:02,어차피 파면ㅋㅋㅋㅋㅋ석열아~열심히 조작하고 우기고 똥싸라ㅋㅋ그래봤자 헌재에선 파면~형사재판에선 사형ㅋㅋㅋㅋㅋㅋㅋ아싸 씬난다
syj5****,2025.02.15. 02:40,술먹구 안먹구가 뭐시기가 중요허냐 김건희 주가조작 공천개입 이런게 중요하지 석열씨가 다른쪽'으로 시선을 돌리려는 개 수작인것을 아주 살려구 발버둥 치는구나 찌질한 인간 같으니
puma****,2025.02.15. 11:17,술을 마셨고 안마셨고가 중요하나 티비 통해서 그날 벌어진 일을 온 국민이 다 봤는데
myhe****,2025.02.15. 08:52,대통령이라는 자가 술 먹고  자랑하는게 잘한짓이네
mins****,2025.02.15. 01:11,매일 술에 쩔어서 사는건 개석열 아님?
eufr****,2025.02.15. 08:04,그런다고 탄핵이 달라지진 않는다
pckb****,2025.02.15. 01:22,윤빠들 진짜 글 읽다보니 기가찬다 기가차.....저런것도 대통이라고 감싸는 쯧
msj3****,2025.02.15. 12:07,술은 윤석열 지가 먹고 취했겠지 김건희 지킬라고 나라를 팔아먹는게 인간이냐? 김건희는 니 파면당하는날 이혼도장찍을꺼다 변호사비물어주기싫어서 ㅋㅋ
yhkt****,2025.02.15. 06:34,여러가지 정황상 윤가야말로 술에 취해서 계엄을 선포한게 틀림없다 그렇지 않고서는  비상계엄이라는 생명을 건 도박을 그렇게 허술하게 했을리가 없다 도둑놈 눈에는 다른사람들도 다 도둑놈으로 보이는 법이다
aiji****,2025.02.15. 11:08,술보가 할말은 아닌듯
zero****,2025.02.15. 01:03,"아버지 때부터 군인이고 스스로도 최정예 군인이고 보수라고 말하는 홍장원이 거짓말을 할 이유가 뭐가 있겠나. 단지, 보수라도 내란은 안된다는 걸 아는 상식적인 사람인 거지. 어느 민주국가에서 내란을 일으키고 정치인을 잡아들인단 말인가. 홍장원씨 말처럼 그건 북한에서나 가능한 짓이잖아. 꼴통들아, 정신 차려라."
picn****,2025.02.15. 09:49,주정뱅이같은소리하고자빠졌네. 무당이랑사니 예지력도생겼나보네 아주인물나셨다.짐승계에
kji6****,2025.02.15. 20:37,"그날은 특수한 날이 아니었다. 퇴근 후 가족, 친구들과한잔 할 수 있을 정도로 평범한 날이었다.
근데 그날밤 계엄령을 선포했다."
puck****,2025.02.15. 11:40,조태용이나 윤석열이나 한심하다. 가만히 지켜보니 윤석렬은 원래 대통령감이 아니었고 어차피 정리해야 대한민국이 앞으로 나아갈수있다. 프라스 르몽드지에 윤석렬과 김건희가 무속인들에 기대어 판단이 흐리다는 내용은 선진국 지도자로서 참으로 창피스럽기 그지없다.
secr****,2025.02.15. 09:57,"김 전청장 입에서 나온 말에 집중합시다.""계엄사유가 가정사""라고 했습니다.
김건희 특검거부권 더이상 거부 할 명목이 없으니
비상계엄 선포한 것이 팩트!"
hby6****,2025.02.15. 09:54,계엄을 한넘을 족쳐야 되는데 엄한 사람을ㅋㅋ 국짐아 국짐아
jg_l****,2025.02.15. 09:47,"거짓말을 너무도 아무렇지도 않게 하는 대통령, 장관들, 장성들ᆢ 저들이 진정 이나라의 지도자들 이었는가?????"
drac****,2025.02.15. 09:42,술은 지가 더 잘 처먹으면서그때도 술먹고 실수로 계엄한거 아니가 ?
gfth****,2025.02.15. 09:04,아직도 내란수괴를 옹호하는 자들이 있다는게 개탄스럽다. 뇌가 있는자들이냐??? 먹고살만하니 아주 등짝 같은것들이 넘쳐나네
jjj5****,2025.02.15. 06:52,직장인이 퇴근후 저녁에 술먹는게 머선 대수라고 까대는거냐 메모할정도면 거의 맨정신인데 난리네.  윤통은 허구헌날 마시고 출근도 허구헌날 지각아니면 아예 오후 출근이라든데 월급은 꼬박꼬박 다 챙겨 갔잫아? ~
jvso****,2025.02.15. 05:57,윤석열 다 지같은줄 아네
nys0****,2025.02.15. 08:43,홍장원님!힘내주세요!응원하고 기도합니다!
ggoj****,2025.02.15. 01:40,"에고 인간아~~이런게 대통령이라고~~추잡하고, 한심하고, 쪽빨린다~~고생을 안 해봐서~~군대도 조작 의심되고"
han8****,2025.02.15. 09:13,"아직도 국민으~~~힘  세뇌를 당한  잡것들이 탄핵저지에 기를쓰고 동조,지지에 열을 올리며 대한민국 자유민주주의와 국민의 안위를 찬탈하고 있다. 간사하고 사악하고, 추악하며 물귀신보다 집요하게 물고늘어지는 국민으~~~힘!! 국론을 분열시키고. 85%의 국민들 마음에 씻을수없는 상처를 주는 용서받지 못할 행태는 친일파 족속 내지는 친일파후 손들이 하는 짓거리밖에 불과하지않다고 대부분의 국민들께서 인지하고 계신다. 대한민국이 정말 걱정이됩니다. 반성 0%인 국민으~~~힘, 이런 잡것들,작것들을 어찌해야합니까?"
jnj6****,2025.02.15. 08:55,본인이 직접 적응 메모이였으면 이런 논란은 없었을텐데을텐데....
ee07****,2025.02.15. 08:55,스파이 붉은장원? 붉은무라들과 어울리며 불근세상 꿈꾸며 국정원장자릴 넘보나?
spar****,2025.02.15. 07:43,술처먹은건. 맞네
yytr****,2025.02.15. 07:42,참 지져분하다.석렬이와 그주변것들.
star****,2025.02.15. 07:18,홍장원 1차장의 증언이 신뢰가 간다.   소신과 사명감이 확실한 사람이다. 홍장원 곽종근 신원식 모두 훌륭한 군인들이다. 반면에 이진우 김현태 두 찌질이는 내란 중요임무종사자로 책임을 물어 이등병으로 전역 시키고 연금수령권도 박탈해버려라.
naya****,2025.02.15. 06:44,윤석열.....헌재에서 가타 부타 하지말고 전화한 비화폰 을 까면 정확한거 아닌가...왜 비화폰은 안까고  숨기면서 말장안 하는지.......
blue****,2025.02.15. 06:33,술 좋아하는 윤석열 씨는 전화통화로도 술 냄새를 맡을 수 있다
s275****,2025.02.15. 06:33,술처먹은. 놈은절대로 안취했다고 합니다 저도 마찬가지고요 저너마 장원이도
hal0****,2025.02.15. 11:40,"모든 국민들이 편한 주말을 보내고자 지인들 만나서 술도 한잔 걸치고, 영화나 드라마를 시청하기도 했던 12월 3일 뜬금없이 불겁 계엄을 일으킨 장본인이 정말 반성없이 말이 많다. 인간이 아닌거 같이 느낄 정도로"
kimh****,2025.02.15. 12:57,죄인이 멀쩡한 사람을 뒤집어씌우네 그것도 재주인가
kenj****,2025.02.15. 12:03,윤석열아   아무리 발버둥 쳐봐야  이미  넌 끝이야.   조태용  그렇게 살지 마라.  볼수록  야비하더라홍장원님  응원합니다 !!!
emil****,2025.02.15. 11:58,소맥을 20잔 처먹는 윤석열이  남 술얘기 하니  웃긴다.본인이 알코올성 치매라  뭔짓을 했는지도 모르는데...
hyfa****,2025.02.15. 08:26,완전히 민주당 간첩들  홍장원 이런좌파들이 국정원에 조작질과 추리소설
choi****,2025.02.15. 08:12,일단 처먹은건 맞네 그치?
cink****,2025.02.15. 08:00,한심한 윤석열
ycg2****,2025.02.15. 07:49,술에관해서는 남말할 넘이 아닌데...손해날 발언인줄 모르는거보니 소주금단증상이네.
panc****,2025.02.15. 07:38,매일 술 ㅊ먹고 지각하던 인간이 술 마시면 사람이 다 지같은줄 아나……
mach****,2025.02.15. 07:13,마시긴 마셨네
kals****,2025.02.15. 07:01,윤은 알콜 중독자. 윤은 술에 취해 계엄내림
ak99****,2025.02.15. 00:39,더러운 윤씨가 본질을 흐리네
dong****,2025.02.16. 06:55,"대통령이 홍장원에게 한 전화지시가 발단이고 시작이지,국가를 위한 업을 하는 홍장원이 대통령에게 계엄 당일 느닷없는 격려전화를 받고, 그걸 빌미로 대통령을 음해하려고 저런다? 홍장원이 대통령의 전화한통 받은걸로 저런 없는 스토리를 만들어 대통령을 음해하려고 하진 않겠죠. 오히려 지시전화를 해놓고 격려전화였다고 말바꾸기를 하고 있는 건 대통령이니.."
alsw****,2025.02.15. 12:07,"어쨌거나명태균이가 목을 조으고
들어오니 자기 마누라
지킬려다 이런 사단이 왔다.


복권이 되었다고 한 들
나라 끌고 가것냐?

빨리 이 사태가 정리되어
나라가 안정되고 국민의 일상이
평온해 졌음 좋겠다."
wood****,2025.02.15. 11:53,퇴근후 선배들과 한단 할수도 있지. 그 정도로 12월 3일 밤은 아주아주 평범했었다. 비상계엄이 연말에 찬물뿌린거지ㅡㅡ 미친놈 하나가 온나라를 쑥대밭으로 만드내
ee07****,2025.02.16. 08:34,불법비상계엄 전날 쥴리거니와 통화한 내란공범자 조국정원장 말바꾸기선수는 더 이상 믿을 수 없다 홍전차장님의 진실된 진술만이 역사의 위기를 살릴 수 있다조태용도 윤썩렬도 즉시 사형파면해야 이 나라가 산다
sjh1****,2025.02.15. 09:38,다들 그리 얘기한다. 김호중이도 문다혜도...
song****,2025.02.15. 09:33,썩렬이가 헌법을 어긴것만 인정되면 탄핵이다.
zaas****,2025.02.15. 10:55,술 먹은 건 맞네 ㅋㅋㅋ
roma****,2025.02.15. 04:39,쪽지에 명단은 헌재에서 핵심증인들의 진술로 거짓인 것으로 확인되었다. 지금 언론플레이 해본들 국민들은 더이상 속지 않는다.변명은 거짓을 더욱더 부추기는 짓거리일뿐이다.
6251****,2025.02.15. 01:33,혀가 꼬일정도로 술좋아하는  알콜중독자는 윤석열 너지.!!출근도 가짜쇼로 하는 놈 !!!
rurd****,2025.02.15. 01:27,"술이 떡이 되서 가짜 경호 보내고 늦장 출근하고, 경호처에 스크린 골프장 몰래 만들어서 또 쳐먹으며 골프치다가 칼퇴근 경호받으며 살던 알콜성 치매 환자를 꼭두각시처럼 부린 유지박사 성형 안했다고 우기는 소리하지 마라~"
jong****,2025.02.15. 01:17,술쳐먹고 무슨메모?분명 민주당과 연합했군아
kang****,2025.02.15. 08:00,정권 바뀌면 비록 스스로 보수라고 하시나 국정원장이나 감사원장 하셨음 좋겠다. 그런 자리는 홍차장같은 대쪽같은분이 하셔야함. 조원장처럼 간신배가 앉아있을 자리가 아님.
andi****,2025.02.15. 05:56,홍장원 힘내시라! 거짓말쟁이들 빨리 판결나기만을 바란다. 지긋지긋
nore****,2025.02.15. 22:00,술은 윤이 먹는거구
seon****,2025.02.15. 13:06,ㅋㅋㅋㅋㅋㅋ 술은 니가 마셨것지 석열아ㅋㅋㅋㅋㅋㅋ
naya****,2025.02.15. 09:56,내란 우두머리술주정뱅이가  할말은아니다탄핵 ㅡ사형
337k****,2025.02.15. 09:55,"국힘 어떤 인원은 홍장원이 왼손잡이라고 하면서, 헌법재판소 증인 나왔을때는 오른손으로 제스춰 취했다며,  문제 삼더라, 간만에 웃어봤다."
vov2****,2025.02.15. 09:49,처음에는 술안먹었다면서 말이맞는게하나도없냐
nova****,2025.02.15. 08:35,메세지 반박이 어려워 메신저 공격. 종신 독재를 꿈꿨지만 머리도 능력도 깜도 안 됨. 전두환이 보다 못 한 바보 하나가 나라를 나락으로
cbd6****,2025.02.15. 08:09,처음에는 술자리아니었다고하다가 점점 술마시는건 인정하네ㅋㅋ니진술은 계속바뀐다.
yeon****,2025.02.15. 11:00,마시긴했네
isyo****,2025.02.15. 08:04,"윤성열은 "" 끌어내라"" 지시를 안했다고 한다.... 그러면 이진우가  조 경비단장에게  의원을 끌어 내라고 지시를 한 행위는 내란을 넘어 반란이다  그런데 장군이 반란을 실행할 때 이렇게 시작하는 경우는 없다   따라서 윤성열은  사형을 부하 장군에게  전가하고...."
jinp****,2025.02.15. 07:50,계엄 해제할때 얼굴 술마신거 같던데
1001****,2025.02.15. 07:38,계엄날 윤석열도 한잔한 얼굴이던데?
reme****,2025.02.15. 07:13,마시긴 마셧네??
zoom****,2025.02.15. 00:49,내가 반주를 자주해봐서 아는데.. 윤가왈ㅋ
lj60****,2025.02.16. 11:12,혀는 안꼬여도 뇌. 회로는 꼬여있었지?  아니 평상시도 뇌. 기억장치가 제대로 꼬여있어 보이는데?  왼손잡이라 하면서  오른쪽으로 끄적이질 않나. 원본 메모지가 없다면서 또 원본메모지 있다고 오늘자로 기사내보내고.
rmaw****,2025.02.15. 22:01,홍장원 이늠이 얼마나 비열한늠인지 종북세력들은 절대 이해못한다.어떻게해서든 대통령 몰아내고 리죄명 빵가기전에 대통령 만들겠다는 하나만 생각한다.장원이 잘엮어서 윤석열 대통령 몰아내기위한 술책이다.
mark****,2025.02.15. 12:18,술 마신듯하다고 했지 술취해서 고주망태로 혓바닥이 꼬였다고 했냐? 그런것도 과장되게 말을 만드는거냐? 삼성이 직원뽑을때 관상보는사람을 참석시키는 이유를 알것같어! 나도 관상학 공부좀 해야겠다! 이번에 배신자들 관상은 모두 유사점이 있어서 놀랬다야! 관상은 매우 중요하다는걸 새삼 깨달있어!
pong****,2025.02.15. 12:04,대통령이 탄핵되고 술을 못 먹고 있는데
hasa****,2025.02.15. 11:56,신빙성1도없네
jest****,2025.02.16. 08:50,목소리  말투 워딩 모두 거짓말하는 다른증인들과는 확실히다른 자신감과 소신이있어보인다 멋있습니다
kehs****,2025.02.15. 11:49,윤석열 전문분야 술이 나와 자기경험 살려 헛소리하는데 빵터짐. 저건 저게 자랑인거야? 저걸 뻔뻔? 무식? 순수? 뭐라하나?
karp****,2025.02.15. 11:43,술취한사람은 윤석열 저리도 온국민이 아는사실을 사기꾼도아니고 잘할까
auch****,2025.02.15. 11:44,"우리 석렬이는 당장 술 끊어야 합니다. 과도한 음주로 전두엽이 망가지면..기억력이 저하되고, 타인에 대한 공감능력과 객관적 사고능력이 없어집니다. 그러면서 기본적인 생존욕구만 남게 되는데..오로지 먹고 마시고..자신을 반대하거나 비방하는 상대를 죽이는데만 열중하게 됩니다. 오랜 폭음으로 망가진 전두엽은 나이가 들수록 점점더 쪼그라듭니다. 객관적 진단이 그렇게 나와요. 빨리 센터에 들어가서 치료받으셔야 합니다."
okjy****,2025.02.15. 11:42,우리 석렬이는 진짜 술 자제하셔야 합니다. 석렬이는 대학생 시절부터 하루도 안빠지고 술먹을 정도로 술을 좋아했습니다. 사법고시 9수 하면서 세상에 대한 분노와 열등감으로 매일 폭음했다고 합니다. 현재 석렬이 신체를 보면 전형적인 알콜중독 ET체형..내장지방 가득한 터질듯한 42인치 술배. 덩치에 비해서 팔다리가 너무 가늘고..허벅지에 힘이 없어서 쩍 벌어지죠. 맨날 욱하고 격노하고 두서없이 횡설수설. 새벽까지 폭음하고 가짜출근.전부다 전형적인 알콜중독 증상입니다.객관적 진단이 그렇게 나와요. 빨리 센터에 들어가서 치료받으셔야 합니다
pink****,2025.02.15. 11:23,홍장원 차장님! 그동안 찌질이 같은 직속상관 모시느랴 얼마나 고생하셨어요~이제 자유의 몸이자나요 시원하게 박살내 주세요~~~찐으로 한방 날려주세요~
htk5****,2025.02.15. 11:20,윤가는 애초에 대통감이 아니다. 비루하고 찌질하다. 모든 책임은 부하직원이  져야 하는거냐?
shji****,2025.02.15. 11:12,그럼 식당에서 밤10시까지...물 쳐 먹고 있냐?? 2시간이면 당연히 취하지...말이 되는 소릴 해라...
yoon****,2025.02.15. 11:08,주변에 아는 사람은 다 알고 국민은 이게 진짜야 싶지..ㅋㅋ 항상 상상초월. 계엄도 그랬고
cute****,2025.02.15. 11:07,술은 마셨지만 혀는 안 꼬였다는 말이냐?
bnjp****,2025.02.15. 11:02,"술 먹었다고 해서 말의 신빙성을 낮추려고 하지만, 전적으로 해당되는 사람은 윤통처럼 뇌가 변형된 사람이고 그 증거로는 말의 앞뒤가 맞지않고 이상행동을 하는 것이다. 국정원장의 흔들리고 자신없는 워딩이나 행태를 보면 뭔가를 속이고 감추려는 사람의 표상이다. 홍장원은 진실을 말하기위해 최선을 다하고 있다. 누구의 말을 더 신뢰할 수 있나?"
bnjp****,2025.02.15. 11:00,본인이 반주를 혀꼬일 정도로 먹으니 남들도 그런즐 아나보네. 처음부터 일관되게 증언하는 사람만 공격하는거 보니 증언에 더 신뢰가 간다.
asan****,2025.02.15. 10:57,원장이 이사람이 진정한 역적아닌가? 난 아무것도 몰라요 라더니...손바닥으로 하늘을 가리려 하는구나
juha****,2025.02.15. 10:56,윤건희 참 찌질하다. 아래 부하를 저런식으로 하면누가 본인을 따르겠는가?  군인들이 불쌍하다
tjdg****,2025.02.15. 10:54,술은지가처목어눟고!!!
poly****,2025.02.15. 10:53,초뺑이는 수화기 넘어로도 술냄새를 맡는듯
klik****,2025.02.15. 10:47,정신나간 석열이와 내부 잔당들
smas****,2025.02.15. 10:45,윤대통령 으로부터직접받았다는 말은없었는데 기사는 왜곡을하네
naya****,2025.02.15. 10:37,술고래
dlrb****,2025.02.15. 10:32,너야말로 12.3때 쫄려서 술마시고 얼굴 벌개져서 계엄 떠벌리더만. 어떻게 아냐고? 나도 술 좀 마셔봐서 안다! 왜!
kweo****,2025.02.15. 10:09,팩트 어쨋든 메모는 4번 작성됨.
khss****,2025.02.15. 10:04,윤술통 하고는 차원이 다른 홍장원 씨. 👍👍👍👍👍
jsam****,2025.02.15. 09:42,cctv 공개해보자. 국정원장 거짓말인지 홍차장 거짓말인지 파면될 것 아니냐. 국정원장이 평소에 자주 받지 않는 김건희 문자 내용도 기억못한다는데. 누가봐도 구라던데
gues****,2025.02.15. 09:33,지는  술 먹어도  되고   다른  사람은  술  먹어면  안된다.  참  놀부  심보네   그러니   술집  출신을   대리고   살지.   접대부  대리고  살면   평생   접대  받는   모양이지.
jaja****,2025.02.15. 09:26,우상숭배자 주정뱅이 거짓말쟁이 위선자 4기꾼 윤로남불 유검무죄 매국노 윤완용    종일  술마시고  그다음날  가짜 출근 도장 찍는자 가 이나라에 대통   그래도 좋다는 2찍이들
wave****,2025.02.15. 09:17,말을진짜 논리적이면서도 잘하심 똑똑하고 판단력도 훌륭하시고 생각한대로 실행하고..거기에비해 윤포함 변호인단 진짜 구질구질 멍청 천박 비도덕적
bana****,2025.02.15. 09:16,술먹었습니다 하면 될것을
sake****,2025.02.15. 09:04,4종류가 아니고  4장.그것도 같은내용 정리.
ahnh****,2025.02.15. 08:57,술은 먹었다는거네? ㅋㅋㅋㅋ
tari****,2025.02.15. 08:54,어쨋든 술은 마셨네. 통화 상대가 알정도면  거의 갔다고 봐야지.
real****,2025.02.15. 08:45,"내란으로 좌우가 싸우는것처럼 보이지만 사실은 청렴과 부패 ,진실과 거짓, 평화와 폭럭의 두세력간의 싸움이다. 대한민국이 가야할 길은 자명하다"
gusr****,2025.02.15. 11:45,음주운전 항 놈들이항 똑같이 이야기하네.  딱 한잔밖에 안했다고 하더라..
heyo****,2025.02.15. 08:25,근데 진짜 윤석열 멍청한건 알았지만 계엄도 이렇게 허술하게 준비할줄은 몰랐음.
ggon****,2025.02.15. 08:25,아니 tv에 나온 시간이랑 얼마나 차이난다고 술 취했다는 말을 하냐. 허허참.
star****,2025.02.15. 08:15,그지같은것들이 살려달라고 발악을 하는거지.
hsch****,2025.02.15. 08:10,솔직하게 말씀하시는 모습이 국민들은 가슴에 와닿네요고생하셨어요~~
inqz****,2025.02.15. 07:54,술이야 먹었겠다만 술쟁이 끝판왕처럼 먹었을까 ㅎㅎ
lsg1****,2025.02.15. 07:52,법리적으로 빼박인 증거들이 차고 넘치니 할 수 있는거라곤 이런 걸로 물고 늘어지는거겠죠.
ha99****,2025.02.15. 07:52,홍장윈씨가 헌재 증언은 시간제한 있어서  간략하게 말해야하니  일부 오해의 소지가 있어서 방송 출연을 통해 충분히 설명하는 기회를 삼은듯~~~ 온갖 공격으로  스트레스 쌓이는 시간이겠지만  나라의 미래를 위해 잘 이겨내시길 바랍니다. 홧팅!!!
aule****,2025.02.15. 09:41,박선원 - 통화소리커서 옆에 있던 홍장원 보좌관이 작성.홍장원 - 내가 통화중 흘려적음  이것만봐도 둘중한명은 구라치는거임.
alls****,2025.02.15. 07:48,행번바믄 먼가요?
lsge****,2025.02.15. 07:46,이놈이 사람 잡을놈이 너무 ㅔ
ceil****,2025.02.15. 07:39,술마신다고 했다잖아 이모지리 석열아
sg85****,2025.02.15. 07:26,아니 상식적을 생각해도 홍장원이 이야기가 말이 안돼는건 지가 메모한걸 굳이 보좌관에게 3번이나 다시 쓰게 하는는건 이해가 안된다. 홍장원이는 깜빵 치료가 꼭 필요한 놈이다.
humo****,2025.02.15. 06:50,홍 자신도  해독하지 못한 쪽지의 난필은 술을 혀꼬일때까지  쳐드셨다는 것을 인정하는 중요한 증거자로이니 대통령님의 진술 100퍼 신뢰한다.
toug****,2025.02.15. 06:46,"●민주주의자로 위장한, 인민 민주주의를 지지하는 극좌들이, ●자유 민주주의!!를 지키려는 상식인, 정상인들을 툭하면 극우로 몰려고 ●말장난과 조작질을 합니다만, 본질은 간단합니다. 하나도 어려울 게 없습니다. ●이재명의 민주당이 원하는 대한민국은 ●사유재산을 폐지하고 시장 경제를 무너뜨린 나라, ●개인의 자유를 박탈한 영구 일당독재, 중국식 감시 통제사회 입니다. ●거짓말 같으십니까? ●카톡 검열, 부정선거 의혹 제기 처벌법은 시작에 불과합니다."
drdr****,2025.02.15. 06:44,내란의 목적은 정권이다 근데 이미 대통령인데?  민주당놈들이  첨부터 내란이라고 씨부린건 지놈들이 실질적인 정권을 이미 가졌다고  생각했고 그런상황에서 계엄은 자기들을 위협했으니 내란이라고 규정한거임. 그러니 실제로는  민주당놈들이 내란세력이라는 말이 틀린말은 아님
lost****,2025.02.15. 06:40,술 처먹은건 사실이네. 통화 대상자가 술을 먹었구나 느낄정도면 알쪼지. 뭔!
jscc****,2025.02.15. 06:02,윤씨 좀 쳐 넣으세요~뭔 대통령까지 한사람이 핑계만대냐~대한민국 사람으로 챙피합니다-~
max5****,2025.02.15. 03:10,근디 체포명령이 진짜 있었다해도 나는 찬성인데? 제발 잡아다 족쳤으면 좋겠는걸 어쩐담...
khhy****,2025.02.15. 03:06,"홍장원 전 차장 이런분이 어떻게 국정원 차장 됏나?본인이 받은 전화 내용은 본인이 메모해야지.
 전화 받지도 않은  보좌관이 메모를 작성하나? 
그걸 믿으라고?"
hjyk****,2025.02.15. 02:19,윤깡통 마눌이 뭔 이유로 국정원장과 메시지 했을까? 나라가 한 마디로 개판으로 운영되었다는 방증이 아닐까한다.
okdo****,2025.02.15. 01:50,홍장원 이자 전형적인 사기꾼DNA 소유자다  세치 혀와 전혀 동요가 없는 척 제스처까지 심리학적으로 시선 분리까지 하면서 마치 스스로 완벽에 가깝다고 속으로 자신에게 강한 최면 순간순간 재치있게 모면하는 자신에게 만족하는 표정 전형적인 사기꾼이다  그러나 그것이 바로 이자가 거짓말을 진짜인냥 굴지만 범죄심리학 전공자는 금방 눈치 챘을 것이다 구멍 숭숭 뚫린 거짓말 참 불쌍한 인간에 발버둥치는 모습을 보는 더러운 이기분 인간아 좀 착하게 살아라
na57****,2025.02.15. 07:44,나라의 수치. 가문의 수치. 수치스러움을 모르면 사람이 똥오줌을 못가리고 할말못할말 구분을 못하지요. 어떤자리든 자격이 없으면 빨리 털고 내려오는게 답입니다. 더 나락으로 가지말고 주정뱅이같은 변명 늘어놓지 말고 역사속 내란우두머리 타이틀로 사라지세요!
gary****,2025.02.15. 01:42,"혀가 꼬일정도라야 알수 있다고ㅋ사람에게는 느낌이라는게 있고 너가 술마시고 있다는것을 니 입으로 먼저 얘기한게 아니고 윤대통령이 너와의 통화에서 알아차린거자나
말같지도 않은 어설픈 변명으로 진실을 왜곡하려고 한들 진실이 없어지지 않는다는 사실"
kill****,2025.02.15. 07:46,ㅎㅎ 그래도 마시지 않았다는 말은 안하는 것 보니 술 마시고 정신 없는 상태는 맞는 모양이네.. 홍장원은 전형적인 김대업이다. 그래서 이렇게 세세하게 살펴볼 수 있으니 그 허점과 진상이 드러나네..
zp12****,2025.02.15. 10:25,윤석열이 정말 구질구질하다.  이런자가 특수부검사라고 앞에앉아 말도안되는소리하먼서 윽박지르면 죽고싶을것이다.
what****,2025.02.15. 05:47,마시긴 마셨네.....혀 꼬일정도는 아니어도 마시긴 마셨네
kj21****,2025.02.15. 04:20,"혀가 꼬이지는 않았어도 사실을 왜곡할 정도는 되는것. 이건을 제외한 나머지는 술을 마신 증인의 증언은 채택하지않는다. 그리고, 이방송저방송 다니면서 이렇게 까지 변명한다는 것 자체가 신빙성을 떨어뜨린다."
abek****,2025.02.15. 20:35,그시각이 일과 시간도 아니고  술마신게 뭐가 문제임? 술마셨다고 잘못듣나?  술마셨다고 기억못하나?  윤통 분명 만취했다고는 안했음..중요한건 사실관계임..
doum****,2025.02.15. 12:50,술먹은건 맞네 음주했으면 아닥하자
boj5****,2025.02.15. 11:10,술을 마시지 않았다는 소리는 아니네.
juyu****,2025.02.15. 10:22,그날의 진실 술먹은자는 정녕 누구인가  비상계엄시 얼굴이  붉어진 사람은 그분아닌가
pcph****,2025.02.15. 09:15,최종책임자가 치졸하게 부하들에게 책임을뒤집어씌우네그사람들이 벌인행동도아니고
syou****,2025.02.15. 08:44,그래서 몇명이서 소주든 양주든 몇병 마셨냐고?  그리고 지인이랑 마실 때 법카나 국정원 현금 사영은 안했지?
dong****,2025.02.15. 08:01,술에취한건 홍장원보다 윤석열이 더 가능성있지 술 좋아하는거 모르는 사람있음?
foow****,2025.02.15. 07:27,누가 누구한테 술 얘기를 하고 자빠졌네~너는 거니가 안주니까 열받아 술마시고 계엄 선포했잖아
ysk8****,2025.02.15. 20:07,"술쳐먹고 계엄 선포하고, 지가 술쳐먹고 통화하니 지 꼬부라진 발음이 정상이고 남의 발음이 틀리다 느끼는 모지리ㅎㅎ나는 똑바로 걷는데 길이 삐뚫어져 있다ㅎㅎ"
herk****,2025.02.15. 06:17,매일 폭탄주 쳐 드시는 자식이 뻔뻔스럽기도하네
2006****,2025.02.15. 05:49,술 마신거 사실이었구나.그리고 60~70대 군인출신들 대부분  늙어도 말술이더라.
sici****,2025.02.15. 04:20,왜 논란의 인물들은 하나같이 저 CBS에 가서 음마 나가 거시기랑께 이러며 헛소리를 싸지를까? 그 이유를 알고싶다.
hjle****,2025.02.15. 02:15,술은마셨지만 음주운전은 아니다네~
k177****,2025.02.15. 16:24,"곁가지만 이야기하노,지시를 받았냐 안받았냐가 중요하지.국정원이 무슨 체포를 할수있으며,상식적으로 의원을 체포하려 했으면 완전한 입법부 장악을 의도했다는건데,그럴려면 사단급 병력이 움직여야 국회도 완전히 봉쇄하고 시민들도 통제가 가능하다.그리고 또 상식적으로 대통령의 체포지시가 있었는데 왜 한놈도 안잡혔냐?아니 명령을 이행을 안했다 치자고,그래도 잡는 척이라도 했어야되는데 그런 정황이 아예 없다는게 말이 된다고 생각하냐.제발 좀 상식선에서 생각하자."
eoas****,2025.02.15. 16:22,딱보니 술은 윤속열이지 ㅋㅋ 제정신에 비상계엄했겠냐? 미치지않는 이상
albe****,2025.02.15. 14:38,윤석열 진짜 치사하고 비열하고 쫄보고 재수없다
s2_5****,2025.02.15. 14:27,딱보니 너도 술 계엄 같은데. 반주를 즐긴다고? 폭탄주 즐기는거 전국민이 안다. 역시 법기술자라 증언을 흔드는 기술이 능통한데. 좀 짠하다. 부하들한테 죄 떠넘기고 혼자 살아남겠다고 몸부림 치는중
jaeh****,2025.02.15. 12:25,이 어른이 딱 보니께  홍차장 말이 진실이다 ㅋㅋㅋㅋㅋㅋㅋㅋㅋㅋㅋㅋㅋㅋㅋㅋㅋㅋㅋㅋ 누가 없는말을 지어내서 말하냐 ?????????? 2것덜아  있었던것을 축소하구 숨길순 있어도  대통령2 안했던 말을 지어내서 한다 ???????????????????? 한심한 작자들
kdy2****,2025.02.15. 12:15,"윤석열이 때문에 나라가 너무 어렵다. 나라와 국민들을 생각 하지 않고 본인 잇속만 챙기는 윤 내란수괴와 이에 동조하는 국힘 당원들, 그리고 몇몇 내란 선동자들 및 극우 유튜버들 모두 역사앞에 심판 받게 될 거다. 죗값 달게 받아라."
stev****,2025.02.15. 12:14,술먹었단거네ㅋㅋ
diet****,2025.02.15. 11:58,윤가 살아보겠다고 발버둥치는거 안쓰럽기도하지만 아닌걸 기다고 우기니 이게 말이돼나. 지금이라도 살려주세요 해라. 그게 더 인간적이야...
teac****,2025.02.15. 11:17,그게 너 사형죄 내란일으킨거랑 뭔 상관이냐? 국민 절반 날리려던 내란이랑 뭔 상관이냐고!
a005****,2025.02.15. 10:49,술 마신거 맞구만
outc****,2025.02.15. 10:48,허구헌날 혈세로 술쳐먹는 윤두창이는 뭔가요??
symp****,2025.02.15. 10:47,알콜성치매가 술가지고너무 그러지 마라 ㅋㅋㅋㅋ
calv****,2025.02.15. 10:38,조원장은 머리그만굴려라 한번 거짓말하면 계속 거짓말하게되고 나중엔 결국 빵꾸난다
hika****,2025.02.15. 10:36,윤석열은 그저 진실을 흠집내고 흐리게 하는데 애를 쓰고 있다.
dkfk****,2025.02.15. 10:35,헌재 만장일치 탄핵이다 구질구질하게 사내자식이 변명같지도 않은 변명을 하냐
lb33****,2025.02.15. 10:35,너는 끝.
dbrk****,2025.02.15. 10:01,"술취한사람이 술취했다고 하냐?저인간은 적군에 잡히면 국가기밀들 술술 털어놀인간이다.매국질도 서슴없이 할인간이다
그러니 취업청탁도 했지"
htae****,2025.02.15. 09:58,술에 취해도  14명 체포조는 기억난다는데  거 말이 많네  ~조지우 이진우  조상현 증언도 14명 체포조 있다고 하지않더냐
suwa****,2025.02.15. 09:49,진짜쓰례기중 최고공이다!알콜충독자를 대통으로 뽑아놨더니 나라가 미처 돌아가고있다!제발 남탓타령은 그만하고 잘못을 반성좀해라!!!
leek****,2025.02.16. 14:56,깜 안되는 국정원 홍장원 차장
hjp2****,2025.02.15. 09:37,대통령에게 품격이라고는 찾아보기 어렵다. 언행도 뭐가 그리도 저급한지. 뻔한 일도 구차한 변명과 아랫사람에게 떠넘기기 일수.
swy5****,2025.02.15. 09:26,술먹은 것은 인정하는 듯
tutu****,2025.02.15. 09:26,오히려 이게 더 윤석렬측 계엄이 말이 안된느걸 대변한다. 국정원 1차장이 어른들과 만나 반주를 즐길만큼 국가 비상사태가 아닌 상황에서 대통령이 대뜸 계엄을 한거다. 이렇게 비상상태인데 전화통화하면서 홍장원이 반주했습니다. 이렇게 말하면 정신이 있냐 없냐 했어야 하는거 아닌가? 진짜 황당한 계엄이고 내란이구먼 무슨.
kumk****,2025.02.15. 09:09,조태용. 생각 잘 해라. 니 주인 윤석열따라서 평생 무료급식하지않으려면.
babi****,2025.02.15. 08:55,이제 그만 주접떨고 하야하라  어디까지 꼬라지려는지
yks1****,2025.02.15. 08:47,박지원  꼬붕  딱이네유~~~~
arno****,2025.02.15. 08:18,"""정치를 외면한 가장 큰 대가는,가장 저질스러운 인간들에게
ㅡ 지배당한다는 것이다!""
..
너무 너무 실감하는 요즘 ....

나가자 !!! 싸우자 !!!  이기자 !!!
멸.공 🔥"
ksk4****,2025.02.15. 08:17,그럼 뇌 가출할 정도로 마셨니? ㅠ
hua8****,2025.02.15. 08:16,그래서 어쩐다고 펙트만 가지고 이야기해 이입벌구야 자꾸 물흐리지 말고
suno****,2025.02.15. 07:59,"자신의 잘못을 부하들에게 떠넘기고 자신과 마누라 살리려고
인간이기를 스스로 포기한 윤 석열!!
이늠은 인간이 아니라 짐승이다!!
입벌구 윤 석열은 비열하다!!"
prog****,2025.02.15. 21:52,술처~먹긴 먹었군.  하다하다 별 짓 다한다. 홍했다.
gghh****,2025.02.15. 07:28,머 눈에는 머만 보인다더만..평소 술을 먹는다더만!!
blue****,2025.02.15. 07:18,갑자기 방송에 너무 많이 나와서 뭐가 그리 다급하신지 ㅎㅎ
rlaw****,2025.02.15. 06:59,그래서 술먹은 사람과 대화를 하면 대단치 않은 말에도 곡해를 하여  예상치 않은 사단이 나기도 한다. 평소에 소외되거나 불만이 누적된 사람들이 이러하다.
kay1****,2025.02.15. 06:33,딱 봐도 술~~~ 누구인가??  술이라고 믿고싶기는 하지만...
paul****,2025.02.15. 05:51,윤대갈이 술을 얘기하다니 ㅋㅋㅋ
tlsw****,2025.02.15. 05:16,술대장이 누굴 판단한다고. 대통령이라는 작자가 술취해서 아침 출근도 못했으면서.
kkd0****,2025.02.15. 05:08,갈겨써서 본인도 알아보기 힘들 글자를 비서는 어떻게 정확히 옮겨적나요??
donc****,2025.02.15. 15:39,오른손 잡이가 왼손잡이라고 뻥친거보면 그 별거 아닌것도 뻥친 니말을 믿으라구?
cats****,2025.02.15. 04:21,"먹긴 먹었는데 혀가 꼬일 정도로 먹진 않었다는 말인데, 술 먹은 사람은 대체로 제 생각 대로 상대방의 말을 해석하는 경향이 강하다."
surv****,2025.02.15. 03:34,사돈 남말 하시네
dnjs****,2025.02.15. 18:43,술부심 오지네 알코올중독자 놈
eun5****,2025.02.15. 03:05,그상황에 맨정신일수있겠냐? 너는 매일 술에  빠져살았쟎아
htg1****,2025.02.16. 12:07,주량이 대꾸리 1병이겠지 ㅅㄷㅇ
kssa****,2025.02.16. 02:14,그러는 대통령님도 계엄 발표직전 술 드신거 같습니다. 딱 보니 그래요
krgo****,2025.02.15. 19:59,100억은요?
kdy2****,2025.02.15. 13:32,어찌 배신자들 인상은 모두 유사점이 있을까?
yun2****,2025.02.15. 13:17,장난하냐?
sebo****,2025.02.15. 16:32,참나 술마시고 계엄?? 나라가. 국민이 니 장난감이냐? 빨리 사형때려라!!!!
left****,2025.02.15. 12:22,홍장원님  파이팅입니다 ^^
nkh2****,2025.02.15. 12:20,저**는 진짜 살려두면 안될 물건입니다
bnin****,2025.02.15. 12:20,술도 좀 드시고 제대로 된 증언도 못 해서 말이 바뀌고 cctv 까보자고 하니 까보자고. 국정원장이랑 차장이랑 말이 다르고 다른 계엄 관련 인물들이랑도 얘기가 다르니 까보면 되지 않나. 그리고 자기 비서 시켜서 메모 적은 거 이게 말이 되냐고
dogd****,2025.02.15. 12:20,ㅋ 윤지지자들 똥싸는 댓글보는게 눈아프다
miss****,2025.02.15. 12:18,그러니까 술은 퍼드셨다는거네===라째맹 을 닮아서 ==입만열면 개빵 ==거기서 한자리 할려고===
woor****,2025.02.15. 12:17,자고로 술취한사람이 자신은 술안취했다고하는 인간은 상종을 말아야한다는것이 만고의 진리
timi****,2025.02.15. 12:15,홍장원 귀가 만두귀네 역시 블랙요원 석사도3개나 있고 멋있네 멋있어
nkh2****,2025.02.15. 12:13,그럼 술은 마셨네. 알겠습니다.
sain****,2025.02.15. 12:13,헌재야 필적감정 해라
dawn****,2025.02.15. 12:10,"누구의 말에 신뢰감이 느껴지나? 얼빵한 원장.. 헌재는 형사재판하는 곳이 아니라 법리와 윤리, 상식으로 판단하는 곳이라 탄핵가결이 기대된다"
wkd5****,2025.02.15. 12:05,뮈눈엔 뭐만 본다더만...수준보소 하다하다
jinh****,2025.02.15. 12:01,술을 마신건 인정하네.술취한 사람 본인은 절대 술 취한것 인정 안함
mes7****,2025.02.15. 12:01,대통령 전화 받고 혀꼬인 소리를 할 정신나간놈도 있단말인가
yb94****,2025.02.15. 11:58,댓글수준 처참하다..
pmk3****,2025.02.15. 11:54,술은 지가 처먹은 듯 하구만 ㅉㅉㅉ 저게 대통이었던 자의발언이란게 ...바닥이다
zz******,2025.02.15. 11:54,누가 누구한테 술을 논하냐 ㅋㅋ 주정뱅이가
yena****,2025.02.15. 11:52,술 전문가  납셨네.    소주회사  임원으로 가지  왜   대통을해서
kdy2****,2025.02.15. 11:45,"네가 12.3. 계엄 선포할 때 내 첫 마디는 ""저게 술 쳐먹었나!""였다!!"
okjy****,2025.02.15. 11:45,만약 윤석열이 술 먹었다고 하면 반대로 욕 했겠지 ㅋㅋ 좌파들 내로남불 역시나 역시
abig****,2025.02.15. 11:44,술 마셨다고 체포지시가 없던일이 되나??ㅋㅋㅋㅋㅋ
sund****,2025.02.15. 11:40,뭐여 ㅋ 둘 다 술을 마셨다는 얘기잖아. 단지 혀 꼬일정도는 아닐뿐이다란 소리. 기가찬다. 계엄선포때도 윤가는 술마셨다는 얘기잖아.단지 혀안 꼬일정도로
rhin****,2025.02.15. 15:38,하다하다 이제는 홍장원을 문재앙이 심은 간첩이라고 하는놈도 있음 2찍들 보통미칭게 아니다
aa94****,2025.02.15. 11:32,이 의인을 지켜야 합니다. 최고의 의인이시고 반드시 이겨내시기 바랍니다.
bear****,2025.02.15. 11:26,퇴근하고 술을 먹든 뭐하든 그게 뭔 시비거리라고생각나눈데로 가져다 붙히네
core****,2025.02.15. 11:23,진정한 보수 홍장원 지지합니다
resu****,2025.02.15. 11:23,조태용 생긴거부터가  얍삽하게 생겨가지고..술쳐먹고 계엄선포한 석렬이 이제 끝이여...줄 잘서라
kuda****,2025.02.15. 11:21,"영부인과 통화를 했던 안했던 그건 국회측 변호인의 물타기고 상황과 관련이 없기에 기억도 안난다했고 답변할 의무도 없다 국정원장 조태용은 증언이 항시 일관된다 조태용이 증언에서 홍장원은 더불어채무당 쁘락치로 결론이 났는데 AI,조선족 중국인 댓글알바 여론조작에 겁나게 쓰는구나 발악을 해라 발악을 말이 되는 소리를 해야지 탄핵재판변론 제대로 풀버젼으로 본사람들은 홍장원 말에 신빙성이 있다는 주장은 절대 못한다"
kicv****,2025.02.15. 11:14,"같은 국정원 같은 군인
같은 행정부 인원들 가운데
비슷한 취지의 말을 하는 사람들이 없다.
거짓이 난무하고 이미 조직 질서가 무너졌다. 
누구를 믿고 일을 시키나?"
kimk****,2025.02.15. 11:09,그시간에 글씨도 제대로 못쓸정도면 술 많이 먹은거지..😂
rjj1****,2025.02.15. 18:44,홍장원이 재판전에 민주당 국회의원 만난것부터 조사해라! 그리고 쪽지가 4장?? 오른손 잡이가 왼손으로 썼다고?필적감정 하고 국제부 2차장 홍장원부터 증거 조작 여부를 밝혀야 한다.
goto****,2025.02.15. 11:05,"국가세금으로 비화폰 그리도 윤 부역자들한테뿌릴 일입니까?
그러니 영수증 첨부 못하는 특공비 특활비가
많았던 게지요.
일반폰으로 통화했으면 깨끗할 것을
참으로 숨기고 감출게 많은 윤정부.
어서 빨리 탄핵인용하여 국가 정상궤도에 다시 올립시다."
phto****,2025.02.15. 11:05,"정사는 거니한테 맞기고 허구한 날 술로 조졌으니. 이모냥 이꼴이지,앞으로. 명태균 게이트가 확 열리려나 ~"
ybor****,2025.02.15. 11:04,술마신 자는 술마신 자를 알아보나보네ㅋㅋ
jeil****,2025.02.15. 11:03,홍장원이 말한대로 CCTV 확인하면 되겠네.
2ien****,2025.02.15. 11:03,술냄새는 전화기로도 맞추는 용한 점술?가임. 윤가는 나중에 탄핵되면 점술?가 나 해라. 거니하고 부부 점 술집을 차려서 거니는 템버린으로 접신하고 석려리는 도리도리로 접신완료!!
socc****,2025.02.15. 11:01,충성했던 지부하들  앞에서 거짓말하기 창피하지않나? 평생쪼다
khki****,2025.02.15. 10:58,그런 자장한 증언이 무슨? 확실한것은 개엄군이 국회 유리 창을 깨고 국회를 쳐 들어 갔다는것 이것이면 충분한 파면 요건이 아닌가요.
alst****,2025.02.15. 10:58,니가 할야그는 아닌디 와이라노 벌구야
chu1****,2025.02.15. 10:55,술먹고 실수는 지가 하는거지
jh96****,2025.02.15. 10:50,윤수괴에 유리한 증인심문 아닌데 헌재흔들기하다가 더망하게 생김 ㅋ ㅋ 홍장원 화이팅!
cyt6****,2025.02.15. 10:47,매일 고주망태가 되어있는 윤이 할말은 아니지!
star****,2025.02.15. 10:47,석열아 모든사람이 너처럼 혀꼬일때까지 먹진 않는다
jsye****,2025.02.15. 10:46,음주운전 걸리사람들 혀다꼬였는데ㅎ 딱 한잔 마셨는데? 그럴리가 없는데?ㅎ 도둑이 제 발 저린거야ㅎ 넌 멀쩡하다고 해야지 당연히ㅋㅋㅋ
kjy8****,2025.02.15. 10:46,전화를 했는데 혀가 꼬일 정도면 제대로 걷지도 못했겠네. CCTV 다 까면 바로 사실관계 확인 되겠군 공개해라. 쫄리냐 석열아?
hkb1****,2025.02.15. 10:42,10썩렬 !   나같으면 국민들앞에서 목메달  하나 선물한다  그게 더  깨끗하단다  지저분하게 놀지마라
good****,2025.02.15. 10:41,지가 그시간에 술처먹으니 남도 그럴 줄아나…
kbh1****,2025.02.15. 10:40,홍장원이 거짓말 할 이유가 없다. 공명심으로 거짓말 하기에 얻는게 아무것도 없고 불확실하다.
reas****,2025.02.15. 10:38,혀가 꼬이지 않았던들 술마신 상태라는 것을 몇십년 술마시고 낮이나 밤이나 늘 취한 상태 최고 전문가인 대통령님께서 모르셨을 것 같냐!!!!!! 한번에 알아보신다!!!
tomo****,2025.02.15. 10:38,네가 술쳐먹은거아녀?
lb33****,2025.02.15. 10:34,술은 윤가가  일가견이 있지...
mang****,2025.02.15. 10:32,정상 국가라면 당연히 없어도 될 일(비상계엄 선포)때문에 나라를 이토록 혼란에 빠뜨리고 국민들에게 연말연시부터 엄청난 스트레스 주는 권력이 정상권력인가? 정신 나간 권력이지! 속히 파면하고 국민들이 각처에서 신바람 나게 일하도록 하는 일이 정치 아닌가? 국가 미래는 안중에도 없는 못된 정치권력은 각혈하듯 반성하라!
chsy****,2025.02.15. 10:31,"누가 거짓말 하는지 관상을 봐도 알고, 하느닝이 아신다."
kims****,2025.02.15. 10:29,술 안마셔도 기억안나다는  작자들이  더 이상하다기억이 안난다는  다 거짓!!!!
e231****,2025.02.15. 10:22,추하다
song****,2025.02.15. 10:29,비겁하고 구차하고 그냥 자기 합리화에 급급한 시이장자아압배에 불과한 🐦   기!
care****,2025.02.15. 10:20,마셨네  탄핵 해
kimj****,2025.02.15. 10:19,어지간한 취객치고 자기 취했다고 말하는것  보지 못한다. 그리고 술마신것 인정했네. 심신미약상태로 무슨 판단력이 있을까
gorg****,2025.02.15. 10:18,그냥 술안먹었다하지ㅜㅜ
lhw7****,2025.02.15. 10:14,홍장원 공작 이놈이 죽일  놈이다
ssh1****,2025.02.15. 10:09,증인을 잘못 신청한 듯...... 그리고 윤석열측 변호인들이 홍장원을 상대할 만한 급이 아님.
kim4****,2025.02.15. 10:08,차라리 마약하고 계엄했으면 마약 쳐묵했으니까 라고 이해라도 가겠다. 맨정신에 계엄 발포가 이해가 가냐
pujo****,2025.02.15. 10:08,술통의 말은 1도 신뢰가 안간다!! 술깨고 나니까 뭐라고 했는지 하나도 모르잖아!!
tjdr****,2025.02.15. 10:07,국정원. X맨.왜 그렇게사냐.
kiky****,2025.02.15. 10:05,술고래의 투사 전략 ㅋ
hong****,2025.02.15. 10:04,술통이 술을 말하네. 참 어이없음.
sun7****,2025.02.15. 09:55,차라리 대통령이 술김에 계엄령내렸다고해  만취해서 그때당시 그렇게 말한게 기억안난다고
jg_l****,2025.02.15. 09:52,음성기억 메모지란 거냐 그럼 왜 형상기억  two표용지는 아니고 ?
joju****,2025.02.15. 09:48,음주 측정해  봤니.?
88in****,2025.02.15. 09:45,윤석열이 누굽니까?  저는 아닙니다  . .  나중에 이러는거 아니야???
lumo****,2025.02.15. 09:42,멋져요~~그대
hby0****,2025.02.15. 18:55,술꾼 눈에는 모든 사람이 다 저녁에 술 먹는다고 생각하겠지
jg_l****,2025.02.15. 09:36,본인이  혀가  꼬였다는 사실을 잘 모르지 마시긴  마셨다는  얘기네
lwg2****,2025.02.15. 09:36,근무 이후 술마신것도 문제냐? 윤석렬 너는 매일마시고 지각이 일상이던데?
ryu2****,2025.02.15. 09:32,ㅋㅋㅋㅋ 추잡한석녀리
99jj****,2025.02.15. 09:32,애초 이번 게엄령은 성공할 수 가 없는 게엄령 임
ccnc****,2025.02.15. 09:30,별것까지 트집잡네 술은 누가 더 마시는가.홍장원씨 표정에서도  진실이 나타나네
hien****,2025.02.15. 09:26,술 마셨네
bhs7****,2025.02.15. 09:24,그니까 술 처드신건 맞잖아~~암튼 좌파것들은 논점흐리고 물타기 하는것은  타고난 유전자냐?
skya****,2025.02.15. 09:22,ㅎㄷㄷ
cnnp****,2025.02.15. 09:22,윤통이 알콜중독이니 다 그런줄
sexy****,2025.02.15. 09:10,비굴한 대통령을
ksb7****,2025.02.15. 09:08,모르겠고  통화하믄서 상대방이 술마신걸  어떻게아냐  ~~말이  꼬인것은 같네여 ~~~  본인도  술마샸다고   인정하는걸보니~~~~~ㅉ ㅉ
jeon****,2025.02.15. 09:08,일은 자기가 저지르고 아무 책임도 안 진다니까.
sg******,2025.02.15. 09:07,"술먹어 보였음....암만 화장떡칠해도 ㅎㅎ....딱보고 석열이 술취했네라고 느꼈는데....빨리 그만두고 대선하자..,..물론 난 찢은 결코 아니고...."
jmju****,2025.02.15. 09:06,자구로 술좋아 하는놈 치고 기집 안좋아는 놈없다  줄리
tont****,2025.02.15. 09:03,기회주의자들이 득세하는 세상이다…. 말잘하는것들이 잘먹고 잘사는 세상이다 침묵과 충성..헌신은 사라진다
rlwn****,2025.02.15. 09:02,술은 니가쳐마시지 않냐ㅋㅋ취했냐 ㅋ
jbkp****,2025.02.15. 09:20,술을 적당히 마셔야지~~ 20분동안 뭘하신거야??역사의 순간에??
yoja****,2025.02.15. 09:00,"검색어   ""행번방""이   뭐죠"
odin****,2025.02.15. 09:00,"똥아, 개소리 그만하고 빨리 사형 받아. 체포뒤 대국민 영상에 순 처먹고 얼굴 뻘겋게 달아오른 똥 모습 온 국민 다 봤다. 뻔뻔하게 입벌구에 헌재 심판에서까지. 넌 거짓말 탐지기 수사해야. 거짓말 하니  눈을 계속 자주 깜빡. 국민 극혐"
marl****,2025.02.15. 08:58,인상이랑 눈빛만 봐도 홍장원이 진실이네
kmx_****,2025.02.15. 08:58,내란수괴 윤석열이 알콜 중독 검사 해봐랏 ㅋㅋㅋㅋㅋㅋㅋㅋ   2찍 뇌 가출 하품종 틀리 우상 ㅋㅋㅋㅋㅋㅋㅋㅋㅋㅋㅋㅋㅋ
key4****,2025.02.15. 08:52,지나가는 초딩한테  물어봐도 거짓말은 윤건희지~~~입만 열면 거짓말 입벌구 구라쟁이
ybh8****,2025.02.15. 08:52,능구렁이 10000마리 있는 미장원. 피곤한스탈일인듯. 그러니 짤리지 ㅋㅋ
ybh8****,2025.02.15. 08:51,혀가 꼬일정도면 심각하지ㅋㅋ ㅋ어쨋든 취한건 맞지 참나
yoon****,2025.02.15. 08:46,결국 술쳐먹었다는말은 진실이네 윤통말이 하나씩하나씩 진실이네  그냥 술먹엇다고하면되지 구질구질하게 칠순어른하고먹었다니 폭탄주를 먹겠냐 이딴소리하나? 전화상으로 알정도면 꽐라된거지 어디서 구라치나?
lees****,2025.02.15. 08:43,"홍장원이가 그시국에 술을 마셨다고, 참 정신상태가 저따위니 뭐가 되겠나,"
paja****,2025.02.15. 08:42,응원합니다 홍장원차장님
jcs8****,2025.02.15. 08:33,"딱보니 억지 ㅋㅋㅋ 어깨 뽕좀 빼시고, 그 거만한 손 좀 개선하시고, 정신 없는 도리 도리 좀 그만하시고…논리가 안되니 죄다 가정에 근거하고, 술로 탈출구를찾고 ㅉㅉ 한 나라의 대통령이었던 사람 수준이
이정도였음을 매일 매일 증명하는 중."
jkd3****,2025.02.15. 08:33,아하!   홍장원 말이 정말 맞구나!
youn****,2025.02.15. 08:32,신뢰성 빵점인 놈  니 눈빛이 그렇더라고  ..고문관똥별이랑 쓸데없는 말도 많고  두놈하는짓이  그렇더라고  .ㅎㅎ
lhs0****,2025.02.15. 10:37,홍차장의 위증적인 발언이 헌재에서 다드러났는데 오리발 ?  대통령통화내용도 바꾸고 자신의 직무태만 정치권에 로비건 안기부자금부당사용의혹등 그자신의 행동에 많은 의혹들 술먹고 전화받은 것은 사실아닌가?
qorg****,2025.02.15. 16:28,술 먹은 사람은... 여러분다 알다시피.   난 안취했는데?  이러지요.
poet****,2025.02.15. 08:16,술은 맨날 지가먹고 출근도 늦게 하는돼지가 할말은 아니지
jeni****,2025.02.15. 08:14,왜 술 마신게 뭔 잘못? 별 걸 다 트집이고 ㅋ
vinu****,2025.02.15. 08:14,"누구만큼.술에 쩌들어 살까?지가 그러니 다 그런줄알지
하여간 윤가.저인간은..."
macs****,2025.02.15. 08:11,홍장원 씨 말은 못 믿는 게 발언할 때 저는 대통령을 좋아했습니다. 이 말을 하고 상대방을 깎아내리는 건 어떻게 보면 자기 말을 믿으라고 보여주기식으로밖에 안 보임.
abp7****,2025.02.15. 08:04,전화통화 녹취도 없는 홍장원의 임의날조 메모를 사실이라 주장을 누가 믿겠는가. 증거가 명백한 리짜이밍은 증거 불충분으로 수년간 재판을 끌고 있다. 실체가 없는 홍장원 주장을 사실로 인정 윤정부를 곤궁에 빠트린 체재전복 정권탈취 쿠데타 세력의 역모를 주권 국민이 분연히 일어나 직접 심판할 것이다.
cs52****,2025.02.15. 08:04,홍피노키오!!! 누가 믿을까요???
mult****,2025.02.15. 07:58,홍. 술 졸라 많이 드셨구나  글 쓰지못할정도 완적 개구닥정도 ㅋㅋ
mong****,2025.02.15. 07:57,형상기억 종이를 능가하는 홍짬뽕의 자동 환성 첨부 첨가 되는 메모지 ㅋ 메모지에 글이 자동으로 첨부되던데? 조작에 또 조작ㅋ 왼손 잡이란 놈이 모조리 오른 손을 쓰고 사용하네???
qwer****,2025.02.15. 07:53,"윤석열 거짓말 쟁이야...트집 잡을게 없으니 무슨 술로 잡고 앉아있녀?
전화기로 술냄새가 풍기더냐??ㅋㅋㅋ 무식무식해"
tlsg****,2025.02.15. 07:53,술먹은건 맞단 소리네?ㅋㅋㅋㅋㅋㅋㅋㅋㅋㅋㅋㅋㅋㅋㅋㅋㅋ
hoya****,2025.02.15. 07:51,장원아 니 말은 운전하기전에 술은 마셨는데 음주운전은 아니라고 우기는거랑 같단다
3733****,2025.02.15. 07:51,마시긴했네
choi****,2025.02.15. 07:49,윤돼지 마약 조사도해보거라
arch****,2025.02.15. 16:57,기자님들 추우시죠? 라며. 드립칠때. 아 이넘 구라구나 느낌이 팍
k2us****,2025.02.15. 07:47,"홍장원을다시 조사해라분명 민주당과100%내란혐의가있다
국민과헌재를조롱하는행위다"
yong****,2025.02.15. 07:46,석열이. 거짓말이 진실이되어가는 세상
bink****,2025.02.15. 07:43,음주는 했지만 운전은 하지 않았다?
dido****,2025.02.15. 07:42,뭘 잘했다고 말대꾸야
scyo****,2025.02.15. 07:41,초등생 살해교사보다 백배는 나쁜놈!!!  ^ ^
ecol****,2025.02.15. 07:40,윤 적당히 해라 국민들이 바보냐?
jin7****,2025.02.15. 07:33,문제는 석열이가 국정원장 국내에 있다는걸 알고 있었는데도 국정원정 부재중이라 전화했다고 헛소리하네
hyju****,2025.02.16. 10:59,남술마신거로 말할때는 아닌거같은데...
jeil****,2025.02.15. 07:33,지가 노상 술처먹고 횡설수설 인원인원거리니 남들도 다 똑같은줄 아네...아니 국정원 블랙요원이 술 몇잔 마셨다고 혀 꼬부라지는게 말이 되나? 그런자는 처음부터 요원 근처도 못간다. 끝났다 게임
sunz****,2025.02.15. 22:53,비열하고 기겁한 국가내란 수괴범 윤석열..이런 자 밑에서 밑닦아주고 있는 노비들은 언제 퍙당할지 모름
kshe****,2025.02.15. 07:30,그 상황에 격려차 전화 했다는 윤돼지가 술쳐 마신것 같은데 ㅋ
kste****,2025.02.15. 07:29,지가 맨날 만취하니 남들도 그런줄 아나보지.하여간 술이라면 환장을 하는구나.지가 못처먹으니 더 발딱서서 난리네
psy5****,2025.02.15. 07:27,술을 퇴근하고 먹었는데 뭘 어쩌자고  출퇴근도 가짜면서
appl****,2025.02.15. 07:26,"방첩사는 선관위 나갔기에 체포하란 명령을 받을 이유가 없을뿐더러  위치추적 및 체포조 운용할 능력도 없는 홍장원에게 굳이 전달할 이유가 없다. 국회의원 체포는 명백한 허위이고, 홍장원은 급조된 가짜 명단가지고 논점흐리지마라!"
junh****,2025.02.15. 07:23,주사가 있나 난  소주 2병 마셔도 운전하는데 아무 이상없어 그러나 음주측정하면 면허취소나오지 그리고 그당시엔 모든기역이 생생하지  아침에 일어나면 기역이 가물그러
bibi****,2025.02.15. 07:22,마시긴 마셨다는거네 ㅋㅋㅋㅋㅋ 한잔마시고 운전해도 음주운전 아냐?
deff****,2025.02.15. 07:19,공무원도 퇴근하면 자유임..매일 술처먹는 대통령도 있음..술을 마신거와 매모내용은 아무상관이없음.. 술마셨으니 거짓진술? 술마셔서  메모가 부정확? ㅎ ㅎ
hgsu****,2025.02.15. 07:18,"윤무식이가 이젠 술 탓을하네. 네놈이 계엄을 해서 피해 보는 군인들과 국가경제 ,침몰한 국격을 생각하면 바로 사형 시켜도 국민들 분노가 풀리지 않을것이다."
mr77****,2025.02.15. 07:11,국정원차장이 일생에 처음 대통령전화를 받았는데 술취한말투로 받았다는게 상식적으로 말이되나? 윤됒ㄱ야 술은 니가 맨날 마시는거구
kals****,2025.02.15. 07:00,일단 쳐먹긴 했다는거내
eg0i****,2025.02.15. 23:09,일반인 기준으로는 엄청 마신 것이고.. 윤내란 기준으로는 평상시 먹는 것 보다 적게 먹었다는 것이지.  알콜 중독자들이  고주망태가 되어서 본인 술 안 취했다고 하는 것과 같은 이치지.
boss****,2025.02.15. 06:59,김대중 때 김대업을 생각하면 된다. 국민 모두가 김대업의 말에 미쳐서 김대중을 찍지 않았는가. 박근혜 때도 말도 안되는 거짓말에 모두가 속아서 문제인을 지지해서 나라가 이 모양 되었다. 지금이 딱 그때 상황 이다. 우리가 둥국을 욕하지 말고 닮지 말아야 한다.
guns****,2025.02.15. 06:58,홍씨가 술을 먹었다고 인정한거네ㅋ 더이상 얘기들을게뭐가있냐 술을먹었는데
suji****,2025.02.15. 06:58,간첩질 하는인간들은 전부 김어쭌이나 CBS 방송에 나와서  헛소리...이런 좌파를  국정원1차장 으로  앉혔으니 국정원이 제대로 돌아갔겠냐?
dlvu****,2025.02.15. 11:21,홍장원의 내란이네.
euns****,2025.02.15. 06:45,국민들 윤대통령 탄핵인용후 땅을치고후회할것이다
pyg3****,2025.02.15. 06:43,마셨다는 소리네......
soon****,2025.02.15. 06:37,내란수괴와 그의 무리들 하루빨리 처벌해야 한다. ㅡ 나라와 국민이 피곤하다 ~~~~
woni****,2025.02.15. 13:02,전화로 냄새가 나냐 ㅋㅋ 술먹은걸 알았으니 니 혀가 꼬인것
sc72****,2025.02.15. 06:25,왼손잡이 홍씨 나라팔아먹은 매국노 역사교과서에 나올거 미리축하해
kolo****,2025.02.15. 06:09,혀 꼬였다고 한 적 없는데? 니가 술을 마셨으니 그 증언에 신빙성이 의심된다는 취지였지
sens****,2025.02.15. 05:54,홍장원 위증인지 아닌지 부터 조사해야 심판이 될것 아녀..
wn75****,2025.02.15. 20:32,왼손잡이라고 뻥친거나 해명해라
juwo****,2025.02.15. 05:44,"홍장원이 작성했다던 메모는 버렸다고 하지 않았나? 검찰과 헌법재판소에는 비서가 다시썻다는 메모 제출해서 메모의 신빙성 잃고, 조태용국정원장이 홍장원메모가 4가지나 존재한다고 헌재에서 증언하자마자, 홍장원은 좌파 유튜브에 출연해서 원본메모라고 공개하는데 누가믿을까??ㅋㅋㅋㅋㅋ 니가 썻던 메모는 버렷다고 헌재에서 증언하지않앗냐?? ㅋㅋㅋㅋㅋ"
puis****,2025.02.15. 05:43,보수같지도않은 미꾸라지 내란 윤수괴 확 눌루고 보수를 다시 세워주세요
hope****,2025.02.15. 05:43,이죄명 사건과도 연관되서 자살자들도 많지만~윤통 하는 꼴이 검사시절 자살시킨 사람 엄청 많지 싶네~둘 다 도토리 키재기 악당들
joso****,2025.02.15. 05:41,술은 윤석렬이 탑이지!!?
ttol****,2025.02.15. 05:10,술먹고 변명하는거 봐라 이 사람하고 박선원하고 헷갈려 동명이인 아녀
kkd0****,2025.02.15. 05:03,노상원 수첩에 내란범 윤두환 악마가 들어 있다
oldb****,2025.02.15. 05:02,헌재에서 홍장원 거짓말이 다들어나던데 거짓말만하는 홍장원 아닌가? Knn라이브 봐라 정확하게 짚어주던구만 판사들이 안그런가?
seco****,2025.02.15. 09:34,"ㅋㅋㅋㅋ이러나저러나 술마신건 맞다는거네,,얘는 상대방이 말을하면 지 나름대로 해석을하고 반박을하냐,,,윤통이 언제 만취됐다했냐????혀꼬일정도로 마신게 아니란얘긴 뭐하러하냐,,,지금 반박해야할꺼는 그게 아닌데,,어쨌든 상대방이 얘기하면 그때서야 하나둘씩 재증언하는데 신뢰성이 임ㅅ겠냐??"
clou****,2025.02.15. 04:36,스토리상 홍장원 본인 짤리게되니깐 대통령한테 복수한꼴이네
pimc****,2025.02.15. 10:19,"홍장권아 ㅋ 민주당 박지원인지, 박선원인지 몰라도 인사청탁 6번하고ㅋㅋ너 대박이드라? 니 그메모도 밖에서 썻다고 하든데, 그 시근 국정원 cctv확인해보니 너 집무실에 있었다드라? 또 그 메모 듣고 니 입으로 개소리하길래 찢어서 버렸다며, 그래서 보좌관한테 불러줘서 쓰게 하고, 또 다음날 보좌관 불러서 어제 불러준거 기억해서 써라하고, 거기에 민주당의원 가필까지 된거 같고 ㅋㅋ 너 정체가 머냐?"
jhli****,2025.02.15. 02:54,술쳐마신건 사실이네
hiws****,2025.02.15. 02:20,"그래도 홍장원은 통화후 술 먹은 이야기를 했지.좌파들은 보지도 않고, 대통령이 술 마신 후 계엄령을 내렸다고 소설 쓰던데. 학교에서 배운대로 공산주의, 사회주의자들은 목저늑을 이루기 위해서는 수단과 방법을 가리지 않고 뭐든 한다는 것을 경험하고 있다."
ccw6****,2025.02.15. 02:10,계엄상황이 발생할수있는 엄중한 시간에 이름 밝힐수도 없는 야당넘들 만나 술쳐먹는 국정원 차장이 여태껏 박쥐가 심어놓은 빨대였다니 그것믿고 박쥐가 나댔었구나.......홍사놈 혹시 북한공작원일수도
plee****,2025.02.15. 02:08,JTBC출영해서 주절주절 하는거보고 딱....아하 구라다ㅡㅡ 하는생각이 딱 들음... ㅡㅡㅋ 하필....
chak****,2025.02.15. 01:58,"홍장원은 무책임한자다자기살려고 남에게 음모를꾸며서 사는
얍샵한자다"
hope****,2025.02.15. 01:31,정말 홍장윈 문제있는 사람괜찮은 대통령 잃어버리게 됐네
wjsa****,2025.02.15. 01:30,칠순되시는분들과 10시까지 밥을 쳐드셨다고라? 어르신 밥통이 대단들하신듯... 보통 식사자리는 8시면 파장이다... 4시간동안 밥만 먹는다고? 웃겨죽는다 민주당 조작공범은 자백해라
only****,2025.02.15. 01:18,홍장원과 김*규가 매칭된다. 짤릴 것 같으니까 상관을 배신하는...홍장원은 더불당과 한패거리로 정치적 야망으로 가득차 있는 요상한 인물인 것 같다.윤통이 사람을 잘못썼다.
asop****,2025.02.15. 00:48,"홍장원 ㅋㅋㅋㅋ 인사청탁 7번에, 100억 횡령혐의에. 어두운 곳에서 썼다면서 그 시각 본인 사무실에서 불켜고 있었던거 cctv로 확인됨. 국회 내란쿠테타 동조에 위증죄에 위증 증거물까지.. 얼마안남았네. 잘 가라."
yoon****,2025.02.15. 00:34,홍장원이가 술에 취한 상태라 진술능력이 의심된다는 대통령의 이의제기마저 욕하고 비난하는 댓글들. 정신병에 걸린 4050의 광기와 어리석음을 드러내는 단적인 사례다. 나라를 망하는길로 끌어가는 민폐세대 4050.
nosc****,2025.02.15. 00:31,윤은 제정신인때가 없었다  늘 취해있어서  제대로 걷지도못해  건희가 손잡고다닌거  모두가안다  다 자기같은줄
rose****,2025.02.15. 14:33,술마신거 딱맞네. 지입으로 밝힌것도 아니고 들켰구만
park****,2025.02.15. 14:32,누가봐도 거짓말은 홍장원~~ 곽종근이다~~~ 말이 몇번 바뀌는거야 ~~ 유난히 설명도 구구절절하더라 ~~
plus****,2025.02.15. 12:48,술취한 사람은 의사표시 등 법령상 온전한 능력이 크게 훼손된 상태이니 진술의 신뢰성이 의심된다는 지적입니다. 대통령의 지적은 지극히 상식적인 이의제기입니다. 민주당에 뇌가 뿌리채 선동당한 4050 개딸들이 댓글로 험악한 반응을 보이는 것은 거의 집단 발현 정신병이자 광기입니다. 나라를 망하는 길로 몰아가는 정신나간 4050세대. 참으로 불쌍하고 불행한 민폐세대입니다.
good****,2025.02.15. 12:28,희대의 모사꾼 박지원의꼬봉답다 출세를 위해 본처를 바람피웠다고 몰아 이혼하고 정의용 조카와 재혼해 일신의 영달을 꾀하고 대통령이 계엄하니 말 갈아타기로 이재명에게 전화해야 한다고 국정원장에게 전화하고 이런자의 말은 1도 신뢰가 안간다. 심지어 왼손잡이 거짓말도 황당 그 자체다
